,by,descendants,id,score,time,title,type,url,kids,text
0,hugh-avherald,0.0,37097287,9,1691817937,Multiple B787s descend below minimum safe altitude due to autopilot software bug,story,https://avherald.com/h?article=4d42d0b5,,
1,dvrp,12.0,37096626,63,1691809785,Fooocus: OSS for image generation by ControlNet author,story,https://github.com/lllyasviel/Fooocus,"[37096888, 37097213, 37097310, 37097131, 37097211, 37097059, 37096977]",
2,greesil,214.0,37092212,398,1691779002,Wendelstein 7-X: Gigajoule energy turnover generated for eight minutes,story,https://www.ipp.mpg.de/5322229/01_23,"[37092598, 37093672, 37092692, 37093147, 37094751, 37092936, 37092531, 37097174, 37096224, 37094516, 37096638, 37096308, 37094096, 37092956, 37093839, 37092864, 37095634, 37094071, 37093420, 37093492, 37092981]",
3,sbmsr,237.0,37091983,480,1691777882,Squeeze the hell out of the system you have,story,https://blog.danslimmon.com/2023/08/11/squeeze-the-hell-out-of-the-system-you-have/#like-2777,"[37092875, 37093099, 37095145, 37093267, 37094554, 37092765, 37092911, 37092711, 37094351, 37093018, 37093539, 37092913, 37095376, 37093707, 37094299, 37092675, 37093743, 37094933, 37097242, 37092896, 37093075, 37092737, 37094228, 37094431, 37093166, 37093997, 37095547, 37096512, 37093770, 37095992, 37095294, 37094461, 37095422, 37094750, 37092923, 37093378, 37092926, 37093471, 37093726, 37096135, 37093958, 37093710, 37093643, 37093564, 37093051, 37094474, 37093337]",
4,ksec,1.0,37097048,12,1691814334,Sapphire Rapids Core-to-Core Latency,story,https://jprahman.substack.com/p/sapphire-rapids-core-to-core-latency,[37097347],
5,Georgelemental,162.0,37095302,76,1691796773,We need scientific dissidents,story,https://www.chronicle.com/article/we-need-scientific-dissidents-now-more-than-ever,"[37095407, 37097202, 37097269, 37095907, 37097341, 37097098, 37097083, 37097052, 37097112, 37097139, 37095852, 37095416, 37095553, 37095386, 37095951, 37095702, 37095754, 37095837, 37095877, 37095784, 37095800, 37095506, 37095589, 37095475, 37096981, 37097175]",
6,1970-01-01,107.0,37085138,145,1691728393,Zero Motorcycles makes its service manuals free,story,https://www.hagerty.com/media/maintenance-and-tech/zero-motorcycles-steps-up-and-makes-its-service-manuals-free/,"[37097034, 37095817, 37096164, 37096222, 37096824, 37095806, 37096238, 37096126, 37093856, 37095162, 37095365]",
7,todsacerdoti,69.0,37094599,112,1691791325,Pijul: Version-Control Post-Git • Goto 2023,story,https://www.youtube.com/watch?v=7MpdZkGj5AI,"[37096358, 37095273, 37095352, 37095243, 37095591, 37095429, 37097289, 37096037, 37095891, 37096066, 37095221, 37096467, 37095303, 37095237, 37095838, 37096728, 37096033]",
8,DoreenMichele,0.0,37096975,7,1691813568,Leave It to the Beavers,story,https://isthmus.com/news/news/leave-it-to-the-beavers/,,
9,gus_leonel,27.0,37063105,37,1691590950,Iterators in Go: A proposed extension,story,https://bitfieldconsulting.com/golang/iterators,"[37096643, 37096493, 37096637, 37096985, 37096606, 37097168, 37096474, 37096571]",
10,nopinsight,35.0,37095616,46,1691799673,"If it can be designed on a computer, it can be built by robots",story,https://www.economist.com/science-and-technology/2023/08/09/if-it-can-be-designed-on-a-computer-it-can-be-built-by-robots,"[37096312, 37096799, 37096517, 37096122, 37096073, 37097061, 37096389, 37097198, 37096032]",
11,Anon84,7.0,37094111,153,1691788429,An Introduction to Graph Theory,story,https://arxiv.org/abs/2308.04512,"[37097018, 37096281, 37095125, 37096027]",
12,ij23,16.0,37095542,49,1691798893,"Show HN: Open-source proxy server for Llama2, GPT-4, Claude2 with Logging,Cache",story,https://github.com/BerriAI/litellm/blob/main/cookbook/proxy-server/readme.md,"[37097106, 37096625, 37096039, 37096881, 37096662, 37097078, 37096686]","Hello hacker news,<p>I’m the maintainer of liteLLM() - package to simplify input&#x2F;output to OpenAI, Azure, Cohere, Anthropic, Hugging face API Endpoints: <a href=""https:&#x2F;&#x2F;github.com&#x2F;BerriAI&#x2F;litellm&#x2F;"">https:&#x2F;&#x2F;github.com&#x2F;BerriAI&#x2F;litellm&#x2F;</a><p>We’re open sourcing our implementation of liteLLM proxy: <a href=""https:&#x2F;&#x2F;github.com&#x2F;BerriAI&#x2F;litellm&#x2F;blob&#x2F;main&#x2F;cookbook&#x2F;proxy-server&#x2F;readme.md"">https:&#x2F;&#x2F;github.com&#x2F;BerriAI&#x2F;litellm&#x2F;blob&#x2F;main&#x2F;cookbook&#x2F;proxy-...</a><p>TLDR: It has one API endpoint &#x2F;chat&#x2F;completions and standardizes input&#x2F;output for 50+ LLM models + handles logging, error tracking, caching, streaming<p>What can liteLLM proxy do?
- It’s a central place to manage all LLM provider integrations<p>- Consistent Input&#x2F;Output Format
    - Call all models using the OpenAI format: completion(model, messages)
    - Text responses will always be available at [&#x27;choices&#x27;][0][&#x27;message&#x27;][&#x27;content&#x27;]<p>- Error Handling Using Model Fallbacks (if GPT-4 fails, try llama2)<p>- Logging - Log Requests, Responses and Errors to Supabase, Posthog, Mixpanel, Sentry, Helicone<p>- Token Usage &amp; Spend - Track Input + Completion tokens used + Spend&#x2F;model<p>- Caching - Implementation of Semantic Caching<p>- Streaming &amp; Async Support - Return generators to stream text responses<p>You can deploy liteLLM to your own infrastructure using Railway, GCP, AWS, Azure<p>Happy completion() !"
13,thunderbong,129.0,37089739,312,1691767468,Tailscale vs. Narrowlink,story,https://narrowlink.com/docs/comparisons/tailscale,"[37090551, 37090276, 37095839, 37090246, 37090250, 37091696, 37090248, 37090410, 37090475, 37091329, 37090348, 37097094, 37095131, 37090267, 37090425, 37096477, 37092165, 37090337, 37091145, 37095074, 37095419, 37091471, 37091765, 37092285, 37092096, 37090281, 37090666, 37092208]",
14,kanjun,,37095849,1,1691802044,Generally Intelligent (YC S17) Is Hiring Machine Learning Research Engineers,job,,,"Generally Intelligent is an AI research company working directly on building human-level general machine intelligence that can learn naturally in the way humans do. Our mission is to understand the fundamentals of learning and build safe, humane machine intelligence. Here are our open roles:<p>Machine Learning Engineer (SF or Remote, Contract or Full-time):
<a href=""https:&#x2F;&#x2F;jobs.lever.co&#x2F;generallyintelligent&#x2F;9411e2ec-502a-403f-a39a-0d44c676b6af?lever-origin=applied&amp;lever-source[]=Y"" rel=""nofollow noreferrer"">https:&#x2F;&#x2F;jobs.lever.co&#x2F;generallyintelligent&#x2F;9411e2ec-502a-403...</a> Combinator<p>Research Scientist (SF, Full-time):
<a href=""https:&#x2F;&#x2F;jobs.lever.co&#x2F;generallyintelligent&#x2F;6c25a25c-35ec-4d7b-8d7e-40e9c4c85fba?lever-origin=applied&amp;lever-source[]=Y"" rel=""nofollow noreferrer"">https:&#x2F;&#x2F;jobs.lever.co&#x2F;generallyintelligent&#x2F;6c25a25c-35ec-4d7...</a> Combinator<p>Machine Learning Research Engineer (SF, Full-time):
<a href=""https:&#x2F;&#x2F;jobs.lever.co&#x2F;generallyintelligent&#x2F;c2f4a435-1eef-489a-9972-fba95e4a0296?lever-origin=applied&amp;lever-source[]=Y"" rel=""nofollow noreferrer"">https:&#x2F;&#x2F;jobs.lever.co&#x2F;generallyintelligent&#x2F;c2f4a435-1eef-489...</a> Combinator<p>Systems Engineer (Remote, Full-time):
<a href=""https:&#x2F;&#x2F;jobs.lever.co&#x2F;generallyintelligent&#x2F;7afede07-8f22-4c49-b247-19e1a0ca6953?lever-origin=applied&amp;lever-source[]=Y"" rel=""nofollow noreferrer"">https:&#x2F;&#x2F;jobs.lever.co&#x2F;generallyintelligent&#x2F;7afede07-8f22-4c4...</a> Combinator<p>Technical Lead Manager (SF, Full-time):
<a href=""https:&#x2F;&#x2F;jobs.lever.co&#x2F;generallyintelligent&#x2F;75fac008-22e5-49ab-9f4e-a4c459b52b41?lever-origin=applied&amp;lever-source[]=Y"" rel=""nofollow noreferrer"">https:&#x2F;&#x2F;jobs.lever.co&#x2F;generallyintelligent&#x2F;75fac008-22e5-49a...</a> Combinator<p>Infrastructure Engineer (Remote or SF, Full-time):
<a href=""https:&#x2F;&#x2F;jobs.lever.co&#x2F;generallyintelligent&#x2F;e66a55a3-a117-406c-9b07-8ba055047cea?lever-origin=applied&amp;lever-source[]=Y"" rel=""nofollow noreferrer"">https:&#x2F;&#x2F;jobs.lever.co&#x2F;generallyintelligent&#x2F;e66a55a3-a117-406...</a> Combinator<p>Senior Software Engineer (Remote, Full-time):
<a href=""https:&#x2F;&#x2F;jobs.lever.co&#x2F;generallyintelligent&#x2F;38a93a78-fb8d-4614-bb12-b6277a7f874e?lever-origin=applied&amp;lever-source[]=Y"" rel=""nofollow noreferrer"">https:&#x2F;&#x2F;jobs.lever.co&#x2F;generallyintelligent&#x2F;38a93a78-fb8d-461...</a> Combinator<p>Technical Interviewer (Remote, Full-time&#x2F;Contract):
<a href=""https:&#x2F;&#x2F;jobs.lever.co&#x2F;generallyintelligent&#x2F;8443234d-a8c7-439f-bb8a-8142e713edc4?lever-origin=applied&amp;lever-source[]=Y"" rel=""nofollow noreferrer"">https:&#x2F;&#x2F;jobs.lever.co&#x2F;generallyintelligent&#x2F;8443234d-a8c7-439...</a> Combinator<p>Theory Engineer (Remote):
<a href=""https:&#x2F;&#x2F;jobs.lever.co&#x2F;generallyintelligent&#x2F;63499488-91b1-4154-956e-26551d7ac500?lever-origin=applied&amp;lever-source[]=Y"" rel=""nofollow noreferrer"">https:&#x2F;&#x2F;jobs.lever.co&#x2F;generallyintelligent&#x2F;63499488-91b1-415...</a> Combinator<p>Chief of Staff (SF, Full-time):
<a href=""https:&#x2F;&#x2F;jobs.lever.co&#x2F;generallyintelligent&#x2F;f5d04435-cfb5-4e3a-9269-8c5bda3ede50?lever-origin=applied&amp;lever-source%5B%5D=Y%20Combinator"" rel=""nofollow noreferrer"">https:&#x2F;&#x2F;jobs.lever.co&#x2F;generallyintelligent&#x2F;f5d04435-cfb5-4e3...</a>"
15,PaulHoule,142.0,37091989,213,1691777914,RFC 9446 Reflections on Ten Years Past the Snowden Revelations,story,https://www.rfc-editor.org/rfc/rfc9446.html,"[37092615, 37093637, 37095847, 37094298, 37094117, 37094383, 37092868, 37094841, 37096845, 37095495, 37094741, 37093543, 37092945, 37093716]",
16,robertnishihara,54.0,37090632,252,1691771688,Fine-Tuning Llama-2: A Comprehensive Case Study for Tailoring Custom Models,story,https://www.anyscale.com/blog/fine-tuning-llama-2-a-comprehensive-case-study-for-tailoring-models-to-unique-applications,"[37091097, 37091644, 37097157, 37091373, 37091470, 37091135, 37091841, 37094657, 37092195, 37091146, 37090959, 37094445]",
17,arto,3.0,37095169,43,1691795543,Extracellular communication between brain cells through transfer of mRNA,story,https://www.biorxiv.org/content/10.1101/2023.01.29.525937v1,[37096025],
18,coloneltcb,491.0,37092861,425,1691782126,Judge sends Sam Bankman-Fried to jail over witness tampering,story,https://www.cnbc.com/2023/08/11/judge-to-revoke-bail-for-ftx-founder-sam-bankman-fried-over-witness-tampering.html,"[37094903, 37095782, 37094523, 37094173, 37093403, 37094033, 37093038, 37095322, 37093029, 37094017, 37095719, 37094294, 37094570, 37096402, 37094716, 37093787, 37094355, 37094439, 37095639, 37094278, 37093423, 37093256, 37093383, 37093450, 37094936, 37093404, 37093311, 37093400, 37096277, 37093694, 37093014, 37094053, 37093255, 37096288, 37093649, 37094000, 37094796, 37093631, 37093664, 37096077, 37093164, 37093025, 37094483, 37094777, 37095023, 37095509, 37093009, 37093998, 37093705, 37093782, 37093350, 37094129, 37093802, 37093982, 37093830, 37093448, 37094035]",
19,kevinlu1248,0.0,37081077,11,1691698070,Using Retrieval Augmented Generation (RAG) to clear our GitHub backlog,story,https://docs.sweep.dev/blogs/sweeps-core-algo,,
20,diminikolaou,87.0,37088087,116,1691757993,Launch HN: Wondercraft (YC S22) – Use text-to-speech to create podcasts easily,story,,"[37091717, 37088684, 37088775, 37095094, 37090090, 37092417, 37088479, 37091356, 37092103, 37092729, 37089829, 37089897, 37096109, 37095820, 37095362, 37090465, 37088995, 37092030, 37089709, 37091292, 37090200, 37088123, 37089758, 37089210, 37088678, 37092352, 37089687, 37088886, 37090960]","Hi HN! We’re Dimitris and Youssef, founders of Wondercraft (<a href=""https:&#x2F;&#x2F;www.wondercraft.ai&#x2F;"">https:&#x2F;&#x2F;www.wondercraft.ai&#x2F;</a>), a platform that leverages AI voices to make podcast creation simple. This video shows how it works: <a href=""https:&#x2F;&#x2F;www.loom.com&#x2F;share&#x2F;fa8ac8eba8b9440dbe0321ccb8ba9426?sid=fef9c08a-1003-4377-9d79-8d8a7bf14eb0"" rel=""nofollow noreferrer"">https:&#x2F;&#x2F;www.loom.com&#x2F;share&#x2F;fa8ac8eba8b9440dbe0321ccb8ba9426?...</a>.<p>“Hacker News Recap” (<a href=""https:&#x2F;&#x2F;www.wondercraft.ai&#x2F;podcasts&#x2F;hacker-news-recap"">https:&#x2F;&#x2F;www.wondercraft.ai&#x2F;podcasts&#x2F;hacker-news-recap</a>) a podcast produced using our platform, has been running for 4 months and currently gets close to 23k listens per month. We’ve made its analytics publicly available: <a href=""https:&#x2F;&#x2F;op3.dev&#x2F;show&#x2F;f77aea62-97e5-5cce-92c6-9464e51c30c6"" rel=""nofollow noreferrer"">https:&#x2F;&#x2F;op3.dev&#x2F;show&#x2F;f77aea62-97e5-5cce-92c6-9464e51c30c6</a>.<p>Having previously attempted to start a podcast, we were well aware of the difficulties. Figuring out what equipment and software you need to buy is a daunting start. Editing is a lengthy and tedious process, technical difficulties often occur during recording, and planning logistics around recording is a hassle. As a result, content release is infrequent, which leads to lackluster growth.<p>At the same time, podcast consumption is experiencing exponential growth. There are 500M podcast listeners around the world, double in size compared to 5 years ago. Apart from the growth in listeners, podcasts are the medium that is most likely to influence behavior, which is the reason why the number of businesses having podcasts has grown 5x over the past 5 years. Finally, the last piece that led to the creation of Wondercraft is that text-to-speech models saw a big improvement about 6 months ago, with ElevenLabs releasing models with an output that is almost indistinguishable to humans (see HN thread here: <a href=""https:&#x2F;&#x2F;news.ycombinator.com&#x2F;item?id=34361651"">https:&#x2F;&#x2F;news.ycombinator.com&#x2F;item?id=34361651</a>).<p>Wondercraft integrates realistic text-to-speech with an infrastructure that simplifies podcast creation. For example, you can integrate music, publish your podcast &#x2F; create an RSS feed, generate a video for your episode,  get assistance in the script generation, auto generate show notes and transcript and translate your podcast all together. All text based tasks (e.g. script assistance, show note generation, etc) are completed using a chain of custom prompts to LLM models. All text-to-speech is done through custom voices that are either synthetically generated or professionally cloned from Voice Actors, using the ElevenLabs platform. Tasks such as episode translation involve the use of both LLMs and ElevenLabs. Video generation runs using Remotion and the RSS feed is an XML creation and updating routine.<p>Since launching, we’ve had more than 13k users sign up to create their podcast. Use cases that we’re seeing include: businesses repurposing their blogs and generating video content for their socials; writers&#x2F;bloggers&#x2F;newsletters reaching audience through another medium; news outlets and publications adding a news rundown podcast in their lineup; businesses creating internal educational&#x2F;cultural material; and podcast studios using Wondercraft to serve client needs faster.<p>Wondercraft is not a tool for fully AI generated content. Rather, we save people time by transferring content they’ve created (e.g. an article they’ve written) to another medium. This technology is best suited for news rundowns and narrational format podcasts (often used by businesses talking about a niche topic). And while interview and conversational formats will sound better person-to-person, the logistical and (often) sound quality issues remain, so we’re testing out an “Async Podcasts” feature, where an interviewee can respond to questions async in writing, share a photo and (optionally) a clip of their voice, and a podcast will be created out of it.<p>We’d love to hear any thoughts, comments or experiences you may have had in relation to leveraging text to speech for podcast creation. Thank you for taking the time to read!"
21,vmatsiiako,85.0,37090754,228,1691772258,Infisical – open-source HashiCorp Vault alternative,story,https://github.com/Infisical/infisical,"[37092438, 37090756, 37092209, 37092639, 37092680, 37093991, 37097304, 37094832, 37092486, 37095330, 37093100, 37093752, 37092561, 37094655, 37092179, 37095095, 37093479, 37095741]",
22,jaredwilber,2.0,37091122,89,1691773963,Show HN: Pykoi – a Python library for LLM data collection and fine tuning,story,https://www.cambioml.com/pykoi/,"[37094016, 37095345]","Hi HN,<p>pykoi is an open-source python library for ML scientists. pykoi makes it easier to collect data for LLMs, to use that data for finetuning, and to compare models to each other (e.g. your model pre- and post- finetuning, or your model vs openai vs claude). The library comes from pain points we experienced in LLM development:<p>1. Collecting feedback data from users isn&#x27;t as easy as it could be. (The current process usually involves sharing excel files of annotated responses back-and-forth, offering no insight into how users actually engage with your models).<p>2. RLHF remains complicated to carry out. By <i>complicated</i>, we mean requires a lot of steps, hundreds of configs, lengthy setups, etc.<p>3. Comparing models to each other <i>as they&#x27;re used</i> (that is, independent from academic metrics) is full of friction. The current approach: spin up a model, ask questions, write them down. Repeat for other models then compare.<p>At a high-level, we think that the active learning process should be closed-loop: data collection, fine tuning, and inference all feed from the same system. This library is our first step in that direction.<p>The project is still very early but we hope that some if it is useful. Note, we&#x27;re fully open-source, and actively adding features!<p>Website: <a href=""https:&#x2F;&#x2F;www.cambioml.com&#x2F;pykoi"">https:&#x2F;&#x2F;www.cambioml.com&#x2F;pykoi</a>
GitHub: <a href=""https:&#x2F;&#x2F;github.com&#x2F;CambioML&#x2F;pykoi"">https:&#x2F;&#x2F;github.com&#x2F;CambioML&#x2F;pykoi</a><p>We would love your feedback!"
23,DemiGuru,42.0,37092319,86,1691779593,"The inability to simultaneously verify sentience, location, and identity",story,https://arxiv.org/abs/2308.02202,"[37094151, 37093172, 37097234, 37093753, 37096993, 37094339, 37096809, 37094192, 37092701, 37092982]",
24,ingve,43.0,37093554,66,1691785334,ARM’s Cortex A710: Winning by Default,story,https://chipsandcheese.com/2023/08/11/arms-cortex-a710-winning-by-default/,"[37094396, 37096821, 37096776, 37094849]",
25,bhickey,1.0,37095700,22,1691800482,Optimization Algorithms for Planar Graphs,story,https://planarity.org/,[37096488],
26,joe5150,6.0,37096178,27,1691805150,West Virginia University to drop 32 majors including all world language programs,story,https://www.wvgazettemail.com/news/education/wvu-to-drop-32-majors-including-all-world-language-programs/article_2b3d0aae-3962-544b-b1a3-7c28cb6df3ef.html,"[37097303, 37096209, 37097212, 37096808, 37096476]",
27,louismerlin,50.0,37090063,131,1691768965,GSMA considers giving away mobile device locations through API,story,https://www.gsma.com/futurenetworks/gsma-open-gateway-api-descriptions/,"[37092619, 37093047, 37093625, 37091336, 37091393, 37094819, 37091882, 37091835, 37091468, 37091988, 37093228]",
28,apollinaire,1.0,37085040,24,1691727321,A Woman Behind Borges,story,https://www.thedial.world/issue-7/jorge-luis-borges-legacy-maria-kodama,[37097190],
29,lnyan,44.0,37089817,140,1691767834,Mpire: A Python package for easier and faster multiprocessing,story,https://github.com/sybrenjansen/mpire,"[37091824, 37092596, 37091559, 37090818, 37093862, 37095505, 37091741, 37094870, 37091576, 37091014, 37095223, 37092023, 37092439, 37091650, 37091090]",
30,samclemens,1.0,37085066,9,1691727689,The Master Fabulist of American Fiction,story,https://www.newyorker.com/magazine/2023/08/14/disruptions-steven-millhauser-book-review,[37097282],
31,thunderbong,0.0,37059742,15,1691567061,Lorentz Transformations – Special Relativity Ch. 3 [video],story,https://www.youtube.com/watch?v=Rh0pYtQG5wI,,
32,hahahacorn,22.0,37095222,37,1691796078,Larian's Unfair Advantage,story,https://credistick.com/larians-unfair-advantage/,"[37096928, 37096034, 37096225, 37096648, 37097197, 37096133, 37097165, 37096898, 37095982, 37096608, 37096965]",
33,app4soft,45.0,37096149,150,1691804811,Our fight is far from over,story,https://blog.archive.org/2023/08/11/our-fight-is-far-from-over/,"[37096348, 37096346, 37096361, 37096168, 37096231, 37097138, 37096431, 37096425, 37096547, 37096189, 37096351, 37096311]",
34,jstrieb,45.0,37083309,374,1691711763,"Show HN: Tetris, but the blocks are ARM instructions that execute in the browser",story,https://ofrak.com/tetris/,"[37086140, 37083678, 37089598, 37087277, 37085076, 37086261, 37096052, 37096924, 37095664, 37085443, 37090628, 37086183, 37085943, 37086186, 37089658, 37085287, 37085891, 37087821, 37086102, 37083318]","OFRAK Tetris is a project I started at work about two weeks ago. It&#x27;s a web-based game that works on desktop and mobile. I made it for my company to bring to events like DEF CON, and to promote our binary analysis and patching framework called OFRAK.<p>In the game, 32-bit, little-endian ARM assembly instructions fall, and you can modify the operands before executing them on a CPU emulator. There are two segments mapped – one for instructions, and one for data (though both have read, write, and execute permissions). Your score is a four byte signed integer stored at the virtual address pointed to by the R12 register, and the goal is to use the instructions that fall to make the score value in memory as high as possible. When it&#x27;s game over, you can download your game as an ELF to relive the glory in GDB on your favorite ARM device.<p>The CPU emulator is a version of Unicorn (<a href=""https:&#x2F;&#x2F;www.unicorn-engine.org&#x2F;"" rel=""nofollow noreferrer"">https:&#x2F;&#x2F;www.unicorn-engine.org&#x2F;</a>) that has been cross-compiled to WebAssembly (<a href=""https:&#x2F;&#x2F;alexaltea.github.io&#x2F;unicorn.js&#x2F;"" rel=""nofollow noreferrer"">https:&#x2F;&#x2F;alexaltea.github.io&#x2F;unicorn.js&#x2F;</a>), so everything on the page runs in the browser without the need for any complicated infrastructure on the back end.<p>Since I&#x27;ve only been working on this for a short period of time leading up to its debut at DEF CON, there are still many more features I&#x27;d eventually like to implement. These include adding support for other ISAs besides ARM, adding an instruction reference manual, and lots of little cleanups, bug fixes, and adjustments.<p>My highest score is 509,644,979, but my average is about 131,378.<p>I look forward to feedback, bug reports, feature requests, and strategy discussions!"
35,TangerineDream,109.0,37093632,205,1691785830,Web Environment Integrity has no standing at W3C; understanding new W3C work,story,https://www.w3.org/blog/2023/web-environment-integrity-has-no-standing-at-w3c/,"[37095053, 37094267, 37094420, 37093816, 37093796, 37093902, 37094447, 37094466, 37093827, 37095090, 37095287, 37094456, 37094032, 37093900]",
36,DerekBickerton,9.0,37093776,53,1691786705,HyperUI: Free Open Source Tailwind CSS Components,story,https://www.hyperui.dev/,"[37097339, 37096111, 37095385, 37096233]",
37,msvan,8.0,37093365,54,1691784505,Half-Edge Data Structures (2019),story,https://jerryyin.info/geometry-processing-algorithms/half-edge/,"[37095191, 37093831, 37094159, 37095159, 37096040, 37096030, 37095898, 37094651]",
38,pg_1234,238.0,37093854,287,1691787127,80% of bosses say they regret earlier return-to-office plans,story,https://www.cnbc.com/2023/08/11/80percent-of-bosses-say-they-regret-earlier-return-to-office-plans.html,"[37094535, 37094373, 37095667, 37094705, 37094910, 37094563, 37094369, 37094789, 37094413, 37094855, 37095740, 37097279, 37094083, 37095332, 37094719, 37096763, 37094738, 37094854, 37094485, 37094713, 37096807, 37097185, 37096508, 37095531, 37095920, 37096264, 37094808, 37095435, 37094828, 37094548, 37095577, 37097158, 37094081, 37096522, 37094707, 37095187, 37093868, 37094403, 37095160, 37094997, 37094214, 37096212]",
39,geostyx,54.0,37090876,76,1691772852,Inactive Google Account Policy,story,https://support.google.com/accounts/answer/12418290?hl=en,"[37095918, 37095807, 37095963, 37096062, 37096873, 37096220, 37096894, 37095879, 37095840, 37096990, 37096408, 37096152, 37096800, 37096377, 37096013]",
40,nvahalik,14.0,37092837,29,1691782006,Samsung Remote Test Lab: Run Emulated Samsung Phones from the Browser,story,https://developer.samsung.com/remotetestlab/,"[37096458, 37096967, 37095884, 37096703, 37095676, 37095808, 37095899]",
41,marban,202.0,37089545,404,1691766453,YouTube-Dl Site Goes Offline as Hosting Provider Enforces Court-Ordered Ban,story,https://torrentfreak.com/youtube-dl-site-goes-offline-as-hosting-provider-enforces-court-ordered-ban-230809/,"[37090389, 37090387, 37090844, 37091251, 37090993, 37091944, 37091033, 37090528, 37090492, 37090507, 37095185, 37090992, 37090567, 37093090, 37094701, 37091197, 37090814, 37091080, 37090562, 37091895, 37093890, 37091192, 37090434, 37091378, 37090531, 37090644, 37092464, 37092105, 37092485, 37095512, 37092284, 37095288, 37091227, 37093271, 37091583]",
42,prismatic,14.0,37071808,48,1691640229,The history and context of Aleksandr Afanasev’s obscene Russian folktales,story,https://www.laphamsquarterly.org/roundtable/man-people,"[37094462, 37093345, 37095424, 37093702, 37094767, 37095058]",
43,tonyg,3.0,37091091,58,1691773856,Virtualizing Uxn,story,https://eighty-twenty.org/2023/08/11/virtualizing-uxn,"[37093677, 37095557, 37091406]",
44,danboarder,2.0,37095015,11,1691794254,Biwatt unveils new residential sodium-ion batteries,story,https://www.pv-magazine.com/2023/08/11/biwatt-unveils-new-residential-sodium-ion-batteries/,[37096984],
45,guiambros,19.0,37061291,78,1691581926,An automatic shiny hunter for any Pokémon game,story,https://www.tomshardware.com/news/raspberry-pi-hunts-shiny-pokemon-while-you-sleep,"[37093334, 37091734, 37091515, 37093393]",
46,mutant_glofish,18.0,37056205,62,1691532979,The PhD Octopus (1903),story,https://la.utexas.edu/users/hcleaver/330T/350kPEEJamesOctopusTable.pdf,"[37091892, 37094925, 37093094, 37091552, 37093634, 37095887, 37095826, 37093518, 37056275, 37092370, 37093214]",
47,pfdietz,1.0,37095282,11,1691796589,Expander graphs and their applications (2006) [pdf],story,https://www.ams.org/journals/bull/2006-43-04/S0273-0979-06-01126-8/S0273-0979-06-01126-8.pdf,[37096160],
48,jorangreef,139.0,37086796,305,1691746709,Fastest branchless binary search,story,https://mhdm.dev/posts/sb_lower_bound/,"[37089485, 37087017, 37087790, 37091793, 37087765, 37087061, 37091351, 37087241, 37087147, 37087856, 37088384, 37088826, 37095816, 37091071, 37089775, 37088178, 37088140, 37089909, 37089110, 37090065, 37088470, 37088664, 37088982, 37086979, 37088679, 37094352, 37087252, 37093253, 37090162]",
49,drywater2,0.0,37094941,14,1691793823,Signs You Are Living in an Information Crap-Pocalypse,story,https://www.honest-broker.com/p/30-signs-you-are-living-in-an-information,,
50,brudgers,4.0,37077639,14,1691682136,Phase in Acoustics,story,http://www.sengpielaudio.com/calculator-timedelayphase.htm,"[37094728, 37094972, 37096711]",
51,fmeringdal,0.0,37090024,40,1691768799,"Show HN: Covert – Rewrite of HashiCorp Vault Using Rust, SQLite and Litestream",story,https://github.com/fmeringdal/covert,,
52,bindidwodtj,6.0,37091042,49,1691773635,A gentle introduction to information geometry,story,https://www.robots.ox.ac.uk/~lsgs/posts/2019-09-27-info-geom.html,"[37096031, 37096721, 37093689]",
53,bpierre,117.0,37078719,1218,1691686934,Vim Boss,story,https://neovim.io/news/2023/08,"[37079893, 37082377, 37085744, 37081876, 37080934, 37079566, 37080332, 37081917, 37084218, 37079766, 37081717, 37084552, 37089863, 37084058, 37082153, 37081904, 37079481, 37081517, 37088085, 37089133, 37079745, 37081089]",
54,smusamashah,6.0,37091221,33,1691774462,PlayHT2.0: State-of-the-Art Generative Voice AI Model for Conversational Speech,story,https://news.play.ht/post/introducing-playht2-0-the-state-of-the-art-generative-voice-ai-model-for-conversational-speech,"[37093775, 37092321, 37092650]",
55,mdp2021,0.0,37097121,3,1691815421,Different Ways to Organize the Periodic Table of Elements,story,https://www.visualcapitalist.com/different-periodic-table-visualizations/,,
56,lambdaba,16.0,37089331,41,1691765564,The many issues plaguing Nix,story,https://github.com/CuBeRJAN/nix-problems,"[37094366, 37095621, 37094685, 37096439, 37095895, 37094216, 37093779, 37095339, 37095949, 37093876]",
57,specto,21.0,37094463,53,1691790496,Sites scramble to block ChatGPT web crawler after instructions emerge,story,https://arstechnica.com/information-technology/2023/08/openai-details-how-to-keep-chatgpt-from-gobbling-up-website-data/,"[37095889, 37094893, 37094834, 37095418, 37095042, 37095025, 37095297, 37096558]",
58,lorepieri,176.0,37086308,262,1691741743,Artificial General Intelligence – A gentle introduction,story,https://cis.temple.edu/~pwang/AGI-Intro.html,"[37088144, 37087089, 37090726, 37086879, 37088340, 37088180, 37086951, 37087528, 37095103, 37090411, 37086781, 37091978, 37086768, 37089038, 37087855, 37090933, 37087565, 37086993, 37086815, 37086773, 37088661]",
59,danboarder,0.0,37096890,4,1691812619,Large creature with 20 arms found lurking in Antarctic sea. It’s a new species,story,https://www.miamiherald.com/news/nation-world/world/article278094767.html,,
60,greyface-,0.0,37095226,15,1691796108,The Internals of Veilid: A New Decentralized Application Framework [pdf],story,https://veilid.com/Launch-Slides-Veilid.pdf,,
61,jrmylee,80.0,37076693,100,1691678125,Launch HN: Rubbrband (YC W23) – Deformity detection for AI-generated images,story,,"[37078245, 37079410, 37085477, 37078823, 37079614, 37077943, 37079747, 37079800, 37089167, 37078310, 37085385, 37077097, 37078762, 37079838, 37078409, 37077979, 37077009, 37077741, 37078811, 37080043, 37077326, 37082690, 37077312, 37077181, 37084401]","Hey HN! We’re Jeremy, Abhi and Darren from Rubbrband (<a href=""https:&#x2F;&#x2F;www.rubbrband.com&#x2F;"">https:&#x2F;&#x2F;www.rubbrband.com&#x2F;</a>). Rubbrband is software that evaluates the quality of images generated by Stable Diffusion (or Midjourney, DALL-e, etc…).<p>We actually stumbled into this idea while working on solving a different problem. While helping a few companies use Stable Diffusion in production, we found that these companies needed to use QA analysts to manually evaluate their images to make sure they were high quality once in prod. This process often took days just to go through thousands of images, so companies that have a text-to-image product with PMF couldn’t guarantee that their images were of high quality.<p>From our initial set of customers, we found that evaluating the quality of their outputs at scale was an even larger problem than just using the model itself. So we pivoted our company into working on solving this problem using our skills from CV research. All three of us did computer vision research at UC Berkeley, and Abhi worked with John Canny, who invented many CV techniques like the Canny Edge Detector.<p>We built a product that automates this process using computer vision. We’ve trained in-house several computer vision models that grade images based on different criteria.<p>These include: - Detecting human deformities, such as a person with 7 fingers on a hand (image generation models generate deformed hands over 80% of the time when generating a photo of a person! This includes the state of the art: Midjourney, SDXL, Runway, etc…); - A score that rates how well the image aligns with the prompt(we do this using our own finetuned Visual Question Answer model); - A composition score (how well composed the image is according to photography “rules”)<p>Using Rubbrband is pretty simple. You can send an image to us to process via our API or our web app, and you’ll get scores for each of those criteria back on your dashboard in less than 10 seconds. Here is a quick Loom demo: <a href=""https:&#x2F;&#x2F;www.loom.com&#x2F;share&#x2F;961830347b3643dcbb92dfe80f8ca1f0?sid=faf1d9fb-5023-4dc8-96fc-5b3806ef3c6b"" rel=""nofollow noreferrer"">https:&#x2F;&#x2F;www.loom.com&#x2F;share&#x2F;961830347b3643dcbb92dfe80f8ca1f0?...</a>.<p>You can filter your images based on certain criteria from the dashboard. For instance, if you want to see all images with deformed eyes, you can click the “deformed eyes” filter at the top of the screen to see all of those images.<p>We store images generated by your image generation model. We’re like a logging tool for images, with evaluations on top. We currently charge $0.01 per image, with your first 1000 images free.<p>We’re super excited to launch this to Hacker News. We’d love to hear what you think. Thanks in advance!"
62,mr_ndrsn,8.0,37095678,39,1691800311,37signals Datacenter Overview,story,https://dev.37signals.com/37signals-datacenter-overview/,"[37096253, 37096673, 37097062, 37095978]",
63,_delirium,92.0,37096015,196,1691803630,Police stage ‘chilling’ raid on Marion County newspaper,story,https://kansasreflector.com/2023/08/11/police-stage-chilling-raid-on-marion-county-newspaper-seizing-computers-records-and-cellphones/,"[37096473, 37096260, 37096480, 37096335, 37096241, 37096534, 37096927, 37096320, 37096639, 37096764, 37096755, 37096398, 37096242, 37096240, 37096280]",
64,elsewhen,4.0,37096093,12,1691804250,Study: Half of all people to get mental illness in their lifetime,story,https://www.axios.com/2023/08/05/mental-health-world-population-age-75,"[37097245, 37097108, 37096621]",
65,CharlesW,1.0,37058293,12,1691550744,Snellings Museum of Sound and Vision,story,https://www.snellingsmuseum.co.uk/,[37095969],
66,monstermunch,417.0,37081789,547,1691701520,My Overkill Home Network,story,https://blog.networkprofile.org/my-home-network-complete-details-2023/,"[37097363, 37097361, 37086482, 37082835, 37086696, 37085701, 37083563, 37083061, 37085450, 37084417, 37086229, 37087122, 37083089, 37087380, 37082287, 37085910, 37082366, 37082739, 37084359, 37084876, 37083517, 37082490, 37086223, 37084277, 37084931, 37082312, 37082886, 37086383, 37085578, 37085882, 37082277, 37082256, 37083989, 37082818, 37082557, 37082982, 37087688, 37090214, 37082672, 37086350, 37084640, 37082640, 37086019, 37084623, 37082390, 37087168, 37085471, 37085003, 37084693, 37085050, 37082853, 37086884, 37082399, 37084001, 37084006, 37086904, 37086650, 37086251, 37089962, 37090080, 37084924, 37087771, 37082503, 37083962, 37093573, 37082451, 37095132, 37082639, 37083299, 37082910]",
67,ai-gem,9.0,37090081,20,1691769046,How to Get ChatGPT to Stop Apologizing?,story,https://genai.stackexchange.com/questions/177/how-to-get-chatgpt-to-stop-apologizing#1,"[37094588, 37093354, 37095383, 37092688, 37093928, 37095449]",
68,gslin,37.0,37090078,95,1691769031,Z-Library Petitions U.S. and Argentina to Cease ‘Illegal’ Criminal Prosecution,story,https://torrentfreak.com/z-library-petitions-u-s-and-argentina-to-cease-illegal-criminal-prosecution-230811/,"[37093487, 37091631, 37093048]",
69,tambourine_man,116.0,37087303,189,1691752010,"Feral desert donkeys are digging wells, giving water to parched wildlife (2021)",story,https://theconversation.com/feral-desert-donkeys-are-digging-wells-giving-water-to-parched-wildlife-159909,"[37088648, 37090049, 37090020, 37091266, 37088324, 37089271, 37088214, 37088232, 37088838, 37087923, 37089092, 37088069, 37090439, 37088012, 37088962, 37088210, 37088263, 37088450]",
70,open-source-ux,92.0,37062755,176,1691589555,Lessons From Linguistics: i18n Best Practices for Front-End Developers,story,https://shopify.engineering/internationalization-i18n-best-practices-front-end-developers,"[37088339, 37086431, 37090051, 37087011, 37087845, 37092361, 37086569, 37089481, 37087606, 37088480, 37090115, 37086489, 37088312, 37087563, 37089945, 37087151, 37087342, 37089618, 37091342, 37089190, 37087189, 37087098, 37087016, 37087967, 37087427, 37086983]",
71,geox,4.0,37088695,23,1691762025,DoD Announces Establishment of Generative AI Task Force,story,https://www.defense.gov/News/Releases/Release/Article/3489803/dod-announces-establishment-of-generative-ai-task-force/,"[37094110, 37095669]",
72,candiddevmike,4.0,37089609,15,1691766825,Copyleft license that infects dependent or operational software,story,https://github.com/candiddev/cpl,"[37095851, 37089610, 37096099, 37093552]",
73,rc00,165.0,37079534,428,1691690347,eSignature Beta for Google Docs and Google Drive,story,https://workspaceupdates.googleblog.com/2023/08/esignature-google-docs-google-drive.html,"[37080227, 37080636, 37080298, 37080206, 37079813, 37079778, 37079938, 37085983, 37083361, 37080024, 37081389, 37079890, 37086783, 37080042, 37080905, 37081117, 37082487, 37081770, 37082055, 37081491, 37080363, 37082717, 37080063, 37082284, 37083124, 37084285, 37082497, 37080223, 37082933, 37079870, 37086168, 37080370, 37080306, 37080092, 37080256, 37080191, 37083546]",
74,lagniappe,1.0,37090857,19,1691772728,CUE Language,story,https://cuelang.org/,[37094542],
75,cube2222,234.0,37088548,216,1691761035,What HashiCorp’s license change means for our customers,story,https://spacelift.io/blog/hashicorps-license-change,"[37089415, 37088780, 37091547, 37089001, 37088966, 37089173, 37088980, 37089002, 37088935, 37088620, 37091691, 37088770, 37090458, 37088881, 37091590, 37091298, 37090257, 37088918, 37092699, 37089095, 37088925, 37089911, 37088859, 37089154, 37089104, 37090646, 37090048, 37090699, 37092578, 37088986, 37088855, 37089600]",
76,celtoid,4.0,37096278,23,1691806248,New York Times: The U.S. government should end its prosecution of Julian Assange,story,https://www.nytco.com/press/an-open-letter-from-editors-and-publishers-publishing-is-not-a-crime/,"[37096746, 37096734]",
77,javier123454321,94.0,37084262,154,1691719607,I fixed a bug the other day,story,https://www.javiergonzalez.io/blog/i-fixed-a-bug/,"[37086074, 37086663, 37090643, 37087338, 37086734, 37086147, 37086684, 37087658, 37086971, 37085642, 37089840, 37090683, 37087263, 37086544, 37089546, 37087291, 37091129, 37088281, 37085934, 37092654, 37085139]",
78,LinuxBender,5.0,37094513,24,1691790763,Illinois just made it possible to sue people for doxxing attacks,story,https://arstechnica.com/tech-policy/2023/08/illinois-just-made-it-possible-to-sue-people-for-doxxing-attacks/,[37095064],
79,misosabi,1.0,37096634,6,1691809826,Cyberchud: Tech demo for the first TempleOS-first 3D game engine,story,https://scumgames.neocities.org/cyberchud,[37096696],
80,version_five,30.0,37094848,39,1691793108,AI Causes Real Harm. Let’s Focus on That over the End-of-Humanity Hype,story,https://www.scientificamerican.com/article/we-need-to-focus-on-ais-real-harms-not-imaginary-existential-risks/,"[37095571, 37097002, 37095381, 37095423, 37095344, 37095217]",
81,behan,4.0,37094744,6,1691792309,Stop people from progressing the conversation without addressing your arguments,story,https://behan.substack.com/p/dont-get-buted,"[37094963, 37096132, 37094820]",
82,pabs3,188.0,37085449,133,1691732254,Browsers barely care what HTTP status code your web pages are served with,story,https://utcc.utoronto.ca/~cks/space/blog/web/BrowsersAndHTTPStatusCodes,"[37086120, 37086581, 37085978, 37085666, 37085737, 37086926, 37086015, 37085789, 37085876, 37092556, 37086434, 37086578, 37086351, 37086449, 37086056, 37090022, 37093081, 37092313, 37090935, 37086991, 37092482, 37091054, 37087479, 37086179]",
83,DamonHD,44.0,37088716,117,1691762166,Want to pwn a satellite? Turns out it's surprisingly easy,story,https://www.theregister.com/2023/08/11/satellite_hacking_black_hat/,"[37090775, 37090359, 37089981, 37090738, 37093344, 37090364, 37091589, 37090251, 37093948, 37094368, 37091209, 37089999, 37091389, 37092213]",
84,hk__2,355.0,37066680,1090,1691605710,Temptations of an open-source Chrome extension developer (2021),story,https://github.com/extesy/hoverzoom/discussions/670,"[37066977, 37067908, 37067699, 37067323, 37067086, 37066759, 37067135, 37066837, 37069330, 37068172, 37067118, 37067108, 37066960, 37067443, 37079274, 37069261, 37067242, 37090658, 37068309, 37067327, 37070588, 37066872, 37077024, 37066769, 37067042, 37068335, 37068142, 37068318, 37072190, 37067476, 37074744, 37067208, 37072566, 37067077, 37067213, 37067215, 37073190, 37068381, 37067081, 37069561, 37067544, 37066963, 37068685, 37069200, 37068234, 37073230, 37069611, 37076726, 37076040, 37073443, 37071158, 37081841, 37073557, 37073497, 37067619]",
85,ellis0n,0.0,37095477,5,1691798271,Tell HN: Happy 11th birthday to ACPUL programming language and AnimationCPU OS,story,,,"11 years ago I tried to make a better programming environment. I&#x27;m happy to welcome everyone who wants to join the Discord community<p>https:&#x2F;&#x2F;discord.gg&#x2F;4m9g7KSaMV<p>What We Know About ACPUL and AnimationCPU OS:<p>90408 Commits<p>Simple, minimalist and fun programming language<p>Fast as C without JIT<p>Fully translatable to any spoken language (for AI)<p>Live coding<p>Mobile first<p>Real time Time Travel Debugger<p>The first and independent programming language of Ukraine<p>Demo video: https:&#x2F;&#x2F;vimeo.com&#x2F;833395245<p>Demo app: https:&#x2F;&#x2F;github.com&#x2F;web3cryptowallet&#x2F;Web3CryptoWallet<p>Pray for Ukraine"
86,RafelMri,2.0,37085365,43,1691731275,The Little Book of Deep Learning,story,https://fleuret.org/francois/lbdl.html,"[37085515, 37095060, 37089854, 37085494]",
87,thunderbong,3.0,37096675,6,1691810323,Kentucky's school district cancels class to overhaul 'disastrous' new bus system,story,https://www.businessinsider.com/kentuckys-largest-school-system-cancels-class-after-bus-route-failure-2023-8,"[37097215, 37097056]",
88,jdmark,0.0,37089537,10,1691766414,Hackers Exploit ‘Prompt Injection’ Technique to Manipulate AI Systems,story,https://www.cryptopolitan.com/hackers-exploit-prompt-injection-technique/,,
89,iamflimflam1,24.0,37063502,127,1691592361,Oscilloscope Music,story,https://oscilloscopemusic.com/,"[37090265, 37088237, 37087155, 37091112, 37090689, 37088195, 37089763, 37092230, 37087645, 37087733]",
90,amock,0.0,37096632,5,1691809813,Patriot Missile Defense: Software Problem Led to System Failure in Saudi Arabia,story,https://www.gao.gov/products/imtec-92-26,,
91,1wheel,201.0,37076210,433,1691675784,Do Machine Learning Models Memorize or Generalize?,story,https://pair.withgoogle.com/explorables/grokking/,"[37078425, 37076794, 37077673, 37081514, 37076876, 37079132, 37078510, 37077497, 37079147, 37079255, 37080431, 37077032, 37078757, 37078936, 37085239, 37078908, 37076623, 37079880, 37081022, 37076725, 37078165, 37077557, 37083661, 37085276, 37080661, 37082618, 37084517, 37080069, 37079540, 37079864]",
92,civan,89.0,37064822,250,1691597469,Launch HN: Refine (YC S23) – Open-source platform for enterprise web apps,story,,"[37066440, 37066820, 37066009, 37072123, 37065011, 37065993, 37071293, 37066883, 37065660, 37082348, 37079042, 37065818, 37068170, 37065738, 37066040, 37065432, 37067203, 37078834, 37073743, 37065128, 37067124, 37066603, 37065300, 37069978, 37068221, 37069568, 37067043]","Hi HN! We’re the co-founders of Refine (<a href=""https:&#x2F;&#x2F;github.com&#x2F;refinedev&#x2F;refine"">https:&#x2F;&#x2F;github.com&#x2F;refinedev&#x2F;refine</a>), an open-source platform for developing enterprise web applications rapidly. In one year since launch we have 15K active developers each month, and over 5K projects in production. Among the 5,000+ projects deployed to production, we see a lot of admin panels, dashboards, B2B portals and SAAS interfaces.<p>Check out our online generator at (<a href=""https:&#x2F;&#x2F;refine.dev&#x2F;#playground"">https:&#x2F;&#x2F;refine.dev&#x2F;#playground</a>) to create a custom Refine application and download it.<p>Before starting refine, we spent five years as a consultancy company building internal-facing applications for enterprise clients. We have seen many complex use cases where the demanded flexibility was much higher than what existing low-code&#x2F;no-code solutions provide. Moving away from rigid architectures and pre-made components that are difficult to customize, developers tend to start from the scratch. This results in a significant waste of time and resources.<p>In order to find a sweet spot between “starting from scratch” and higher level solutions,  we started working on refine. After a couple of iterations, we came up with a “headless” solution, separating the UI-layer completely from the rest of the frontend logic. This allowed us to support multiple UI frameworks and custom designs out of the box.<p>We understand the importance of frontend developers working with the stack and tools they love and are familiar with. So, we have built our project creation wizard that allows developers to mix and match their technology stack when creating a project.<p>After 1.5 years of development with the great support of the open-source community, Refine has become a mature framework that allows developers to rapidly build enterprise applications and have 100% control over their projects.<p>While remaining unobtrusive, Refine still saves a lot of development resources by eliminating repetitive tasks such as CRUD operations, state management, routing, authentication, access control, and i18n. It’s also backend-agnostic and works with any APIs or services.<p>The best way to start Refine development is visiting our extensive documentation at (<a href=""https:&#x2F;&#x2F;refine.dev&#x2F;docs&#x2F;"">https:&#x2F;&#x2F;refine.dev&#x2F;docs&#x2F;</a>). Here, you can also find tutorials and real-life examples to use as a starting point for your use case.<p>We had one successful Show HN earlier this year (<a href=""https:&#x2F;&#x2F;news.ycombinator.com&#x2F;item?id=34515128"">https:&#x2F;&#x2F;news.ycombinator.com&#x2F;item?id=34515128</a>), and have since had several major releases and added many more features.<p>Recently, we&#x27;ve released our enterprise edition featuring deployments, built-in security, backend integrations and auto-generated UI&#x27;s. By expanding Refine&#x27;s capabilities beyond the frontend, the enterprise edition offers a complete solution for the internal tooling requirements of larger organizations. To get more information, please see our pricing page: <a href=""https:&#x2F;&#x2F;refine.dev&#x2F;pricing&#x2F;"">https:&#x2F;&#x2F;refine.dev&#x2F;pricing&#x2F;</a>.<p>If you have any questions, ideas or suggestions please share them with us. The team will be here all day to answer. We look forward to all of your comments!"
93,sixtyfourbits,0.0,37095745,6,1691800884,"Publishers, Internet Archive agree to streamline digital book-lending case",story,https://www.reuters.com/legal/litigation/publishers-internet-archive-agree-streamline-digital-book-lending-case-2023-08-11/,,
94,gurchik,6.0,37096585,9,1691809268,Airbnb Support: Hot running water is not an “essential amenity”,story,https://old.reddit.com/r/YouShouldKnow/comments/15ohix4/ysk_that_if_an_airbnb_doesnt_explicitly_list_hot/,"[37096803, 37096586]",
95,Tomte,79.0,37085966,98,1691737898,The life of a lawyer in the late Roman republic,story,https://www.thecollector.com/life-lawyer-late-roman-republic/,"[37086704, 37090568, 37086849, 37087262, 37087603, 37087074, 37088732, 37086513, 37086172]",
96,rbanffy,1.0,37096214,6,1691805648,A Look Inside the Cerebras CS-2 AI Accelerator [video],story,https://www.youtube.com/watch?v=pzyZpauU3Ig,[37096415],
97,pedrodelfino,20.0,37063803,74,1691593465,Lines of code that changed everything (2019),story,https://slate.com/technology/2019/10/consequential-computer-code-software-history.html,"[37090398, 37094323, 37092162, 37094899, 37094417, 37091315, 37090292, 37091881, 37063817, 37093850, 37092528, 37063816]",
98,rc00,420.0,37084677,775,1691723370,Firefox desktop extensions coming soon for the upcoming Android release,story,https://blog.mozilla.org/addons/2023/08/10/prepare-your-firefox-desktop-extension-for-the-upcoming-android-release/,"[37085724, 37085233, 37085077, 37086005, 37086474, 37086205, 37085625, 37088419, 37085614, 37085709, 37085456, 37085071, 37086424, 37087306, 37089617, 37088736, 37090639, 37085781, 37085350, 37092842, 37091492, 37088690, 37084796, 37085904, 37089085, 37085199, 37085112, 37088563, 37086802, 37084776, 37087826, 37085280, 37091600, 37093161, 37084822, 37086380, 37088164, 37085218, 37085658]",
99,kjhughes,4.0,37091662,38,1691776462,Teens Hacked Boston Subway for Infinite Free Rides–and This Time Nobody Got Sued,story,https://www.wired.com/story/mtba-charliecard-hack-defcon-2023/,"[37092367, 37097001]",
